User_Id,Age,City,Gender
1,55,Jaipur,Female
2,37,Hyderabad,Male
3,20,Ahmedabad,Male
4,32,Ahmedabad,Male
5,20,Hyderabad,Female
6,21,Delhi,Female
7,18,Kolkata,Male
8,57,Bangalore,Male
9,57,Chennai,Male
10,28,Kolkata,Male
11,39,Ahmedabad,Male
12,43,Hyderabad,Female
13,36,Chennai,Female
14,34,Ahmedabad,Male
15,54,Mumbai,Female
16,40,Pune,Male
17,31,Hyderabad,Female
18,55,Chennai,Male
19,49,Pune,Female
20,56,Pune,Male
21,48,Chennai,Male
22,37,Kolkata,Male
23,44,Bangalore,Male
24,39,Pune,Female
25,55,Chennai,Male
26,54,Ahmedabad,Male
27,44,Bangalore,Female
28,31,Delhi,Male
29,24,Hyderabad,Male
30,36,Hyderabad,Male
31,50,Bangalore,Male
32,47,Hyderabad,Female
33,24,Pune,Male
34,47,Mumbai,Female
35,57,Mumbai,Male
36,37,Jaipur,Female
37,53,Mumbai,Female
38,60,Hyderabad,Male
39,42,Jaipur,Female
40,30,Delhi,Male
41,25,Jaipur,Female
42,28,Jaipur,Female
43,21,Chennai,Female
44,41,Kolkata,Male
45,60,Kolkata,Female
46,58,Kolkata,Male
47,40,Hyderabad,Female
48,53,Bangalore,Male
49,30,Bangalore,Male
50,51,Delhi,Female
51,26,Jaipur,Female
52,33,Kolkata,Female
53,56,Ahmedabad,Male
54,53,Bangalore,Male
55,53,Delhi,Female
56,38,Bangalore,Male
57,37,Pune,Male
58,42,Jaipur,Male
59,35,Pune,Female
60,49,Bangalore,Male
61,38,Mumbai,Male
62,55,Ahmedabad,Male
63,20,Pune,Male
64,42,Jaipur,Female
65,18,Chennai,Male
66,44,Delhi,Male
67,35,Pune,Female
68,55,Pune,Female
69,54,Mumbai,Female
70,21,Mumbai,Female
71,57,Mumbai,Male
72,56,Ahmedabad,Male
73,51,Hyderabad,Female
74,33,Hyderabad,Male
75,51,Chennai,Female
76,31,Delhi,Female
77,57,Kolkata,Male
78,53,Jaipur,Male
79,22,Bangalore,Female
80,25,Ahmedabad,Male
81,37,Chennai,Female
82,58,Bangalore,Female
83,26,Chennai,Female
84,28,Hyderabad,Female
85,46,Jaipur,Male
86,45,Hyderabad,Female
87,38,Mumbai,Male
88,35,Chennai,Male
89,18,Kolkata,Female
90,23,Bangalore,Female
91,24,Hyderabad,Female
92,60,Jaipur,Male
93,53,Jaipur,Male
94,30,Hyderabad,Female
95,41,Hyderabad,Female
96,38,Ahmedabad,Female
97,49,Chennai,Female
98,36,Chennai,Female
99,38,Kolkata,Male
100,52,Mumbai,Female
